{
  "dataset": "BACE",
  "smiles": "CCNC(=O)c1ccc(-c2ccc(-c3ccccc3)n2Cc2cccc(N)n2)cc1",
  "n_atoms": 30,
  "ground_truth_crippen_abs": [
    0.1441,
    0.2035,
    0.7096,
    0.2783,
    0.1129,
    0.136,
    0.1581,
    0.1581,
    0.2713,
    0.2713,
    0.1581,
    0.1581,
    0.2713,
    0.2713,
    0.1581,
    0.1581,
    0.1581,
    0.1581,
    0.1581,
    0.3239,
    0.0516,
    0.136,
    0.1581,
    0.1581,
    0.1581,
    0.4619,
    1.027,
    0.3239,
    0.1581,
    0.1581
  ],
  "ecfp4_gradient": [
    0.22344032675027847,
    0.5471498966217041,
    0.24350269883871078,
    0.44240742921829224,
    0.10549697279930115,
    0.5614824146032333,
    1.1690299361944199,
    0.8008322268724442,
    0.9650570154190063,
    0.5276160761713982,
    0.41538453102111816,
    0.41538453102111816,
    0.5276160761713982,
    0.9650570154190063,
    0.4689617194235325,
    1.2302848398685455,
    1.0570633113384247,
    1.2302848398685455,
    0.4689617194235325,
    0.6996116936206818,
    0.6815134882926941,
    1.2079204618930817,
    0.7878643423318863,
    0.6363230347633362,
    1.036721631884575,
    0.8293360471725464,
    0.5495148003101349,
    1.3635223954916,
    0.8008322268724442,
    1.1690299361944199
  ],
  "gcn_gradient": [
    2.391570568084717,
    2.2918241024017334,
    1.39997398853302,
    0.7373170852661133,
    0.49627307057380676,
    0.5343794226646423,
    0.5034603476524353,
    0.5905557870864868,
    0.7226422429084778,
    0.7179520726203918,
    0.7290052771568298,
    0.7238754034042358,
    0.6982846260070801,
    0.6671413779258728,
    0.5224399566650391,
    0.4556860029697418,
    0.41648873686790466,
    0.4556860029697418,
    0.5224399566650391,
    0.5555903315544128,
    0.280882328748703,
    0.24009136855602264,
    0.46375977993011475,
    0.5131189823150635,
    0.4107319116592407,
    0.4912516176700592,
    0.6208993792533875,
    0.2595744729042053,
    0.5905557870864868,
    0.5034603476524353
  ],
  "gat_attention": [
    1.0000000198682149,
    1.0000000149011612,
    1.0000000223517418,
    1.0000000125728548,
    1.0000000099341075,
    1.0000000408229728,
    1.0000000124176343,
    1.0000000149011612,
    0.9999999652306238,
    1.000000002483527,
    0.9999999900658926,
    0.9999999900658926,
    1.000000002483527,
    1.0000000099341075,
    1.0,
    1.0000000198682149,
    1.00000003973643,
    0.999999980131785,
    1.0000000099341075,
    1.0,
    1.0000000099341075,
    0.9999999726812044,
    1.0,
    0.9999999950329462,
    1.000000002483527,
    1.0000000037252903,
    1.0000000049670537,
    1.0000000447034836,
    1.0000000149011612,
    1.0000000124176343
  ]
}